{
    "relu_cap": {
        "conv1_1": 72.52606964111328,
        "conv1_2": 251.74021911621094,
        "conv2_1": 197.41830444335938,
        "conv2_2": 252.0609893798828,
        "conv3_1": 182.73260498046875,
        "conv3_2": 118.38946533203125,
        "conv3_3": 77.11638641357422,
        "conv4_1": 47.5855712890625,
        "conv4_2": 32.39469909667969,
        "conv4_3": 21.30552101135254,
        "conv5_1": 14.23991584777832,
        "conv5_2": 11.965739250183105,
        "conv5_3": 10.27880859375
    },
    "mask_bit": {
        "conv1_1": 3,
        "conv1_2": 3,
        "conv2_1": 3,
        "conv2_2": 3,
        "conv3_1": 3,
        "conv3_2": 3,
        "conv3_3": 3,
        "conv4_1": 1,
        "conv4_2": 1,
        "conv4_3": 1,
        "conv5_1": 1,
        "conv5_2": 1,
        "conv5_3": 1
    }
}